name	submodule	is_seed	spd	component_id
Q9BRK4	1	1	0.005050505050505051	0
Q8N5R6	1	1	0.012987012987012988	0
Q9Y3Q8	1	1	0.0410958904109589	0
Q8WVF5	1	1	0.3333333333333333	0
Q08379	1	0	0.0064516129032258064	0
Q96NE9	1	0	0.07142857142857142	0
Q5JVL4	1	0	0.125	0
